{
  "model_config": {
    "input_shape": [
      1,
      100,
      8
    ],
    "input_dtype": "float32",
    "output_shape": [
      1,
      6
    ],
    "output_dtype": "float32"
  },
  "scaler_config": {
    "mean": [
      10.835782039018243,
      -2.805202235739469,
      2.668544545444941,
      0.5119228441147449,
      0.38675867760801047,
      0.4500809633437855,
      18.57797365349301,
      2.599886315747965
    ],
    "std": [
      16.27208729817221,
      12.535529431189698,
      6.752036864351026,
      4.829151975981643,
      3.809601309597124,
      5.5402578513905025,
      17.669158834987744,
      3.026423028491704
    ]
  },
  "feature_names": [
    "accel_x",
    "accel_y",
    "accel_z",
    "gyro_x",
    "gyro_y",
    "gyro_z",
    "accel_mag",
    "gyro_mag"
  ],
  "class_names": [
    "DownStairs",
    "Running",
    "Static",
    "Uphills",
    "Upstairs",
    "Walking"
  ]
}