{
  "\u65b0\u6570\u636e\u7edf\u8ba1": {
    "total_points": 6159,
    "class_distribution": {
      "DownStairs": 933,
      "Running": 859,
      "Static": 786,
      "Uphills": 1450,
      "Upstairs": 1110,
      "Walking": 1021
    },
    "load_time_sec": 0.1060340404510498
  },
  "\u65b0\u6570\u636e\u635f\u5931": 2.592410087585449,
  "\u65b0\u6570\u636e\u51c6\u786e\u7387": 0.6714285612106323,
  "\u5206\u7c7b\u62a5\u544a": "              precision    recall  f1-score   support\n\n  DownStairs       0.82      1.00      0.90         9\n     Running       1.00      1.00      1.00         9\n      Static       1.00      0.89      0.94         9\n     Uphills       0.00      0.00      0.00        16\n    Upstairs       0.35      0.85      0.50        13\n     Walking       0.91      0.71      0.80        14\n\n    accuracy                           0.67        70\n   macro avg       0.68      0.74      0.69        70\nweighted avg       0.61      0.67      0.62        70\n"
}