{
  "accuracy": [
    0.5338289737701416,
    0.6265179514884949,
    0.6525402665138245,
    0.6540272831916809,
    0.6976456046104431,
    0.7112763524055481,
    0.6855018734931946,
    0.7278810143470764,
    0.7132589817047119,
    0.737546443939209,
    0.7499380707740784,
    0.7593556642532349,
    0.7712515592575073,
    0.762329638004303,
    0.7662948966026306,
    0.7714993953704834,
    0.772738516330719,
    0.7767038345336914,
    0.7957868576049805,
    0.8195787072181702,
    0.8257744908332825,
    0.8453531861305237,
    0.8537794351577759,
    0.8510532975196838,
    0.8753407597541809,
    0.8738538026809692,
    0.8775712251663208,
    0.8897150158882141,
    0.894671618938446,
    0.894671618938446,
    0.886741042137146,
    0.9008674025535583,
    0.9045848846435547,
    0.9030978679656982,
    0.9058240652084351,
    0.9152416586875916,
    0.9078066945075989,
    0.9154894948005676,
    0.9122676849365234,
    0.9092936515808105,
    0.9147459864616394,
    0.9130111336708069,
    0.9169764518737793,
    0.9189590811729431,
    0.913258969783783,
    0.9164807796478271,
    0.9201982617378235,
    0.9214374423027039,
    0.9266418814659119,
    0.9258983731269836,
    0.9204460978507996,
    0.9318463206291199,
    0.9249070882797241,
    0.9258983731269836,
    0.932094156742096,
    0.9291201829910278,
    0.9311028718948364,
    0.9278810620307922,
    0.9288723468780518,
    0.9276332259178162,
    0.9350681304931641,
    0.9313507080078125,
    0.9239157438278198,
    0.9392812848091125,
    0.9333333373069763,
    0.932094156742096,
    0.9311028718948364,
    0.9303593635559082,
    0.9325898289680481,
    0.9286245107650757,
    0.9370508193969727,
    0.9283766746520996,
    0.9400247931480408,
    0.9293680191040039,
    0.9343246817588806,
    0.9325898289680481,
    0.9286245107650757,
    0.9291201829910278,
    0.9318463206291199,
    0.9311028718948364,
    0.9330855011940002,
    0.932094156742096,
    0.92961585521698,
    0.9340768456459045,
    0.9385377764701843,
    0.9291201829910278,
    0.9382899403572083,
    0.9345725178718567,
    0.9372986555099487,
    0.9350681304931641,
    0.9303593635559082
  ],
  "loss": [
    1.2385847568511963,
    0.815058171749115,
    0.7434564828872681,
    0.8058409690856934,
    0.6412749886512756,
    0.6279681921005249,
    0.6987846493721008,
    0.6020985841751099,
    0.609582781791687,
    0.5973520278930664,
    0.5860074162483215,
    0.5357688665390015,
    0.5121703147888184,
    0.5189340114593506,
    0.5111111998558044,
    0.5002759695053101,
    0.5753999352455139,
    0.5313416719436646,
    0.5098116993904114,
    0.4398527443408966,
    0.43759068846702576,
    0.391357421875,
    0.3746107220649719,
    0.39696356654167175,
    0.36232706904411316,
    0.35332760214805603,
    0.3325618505477905,
    0.3092176914215088,
    0.28930795192718506,
    0.2944782078266144,
    0.3092813789844513,
    0.2859635651111603,
    0.2665630877017975,
    0.273360937833786,
    0.26311051845550537,
    0.2365255355834961,
    0.2661046087741852,
    0.2381090372800827,
    0.247275248169899,
    0.24284791946411133,
    0.2427707016468048,
    0.25100547075271606,
    0.228849396109581,
    0.23908376693725586,
    0.23631860315799713,
    0.24263019859790802,
    0.22978657484054565,
    0.2276061326265335,
    0.21798749268054962,
    0.215921089053154,
    0.22030134499073029,
    0.20177984237670898,
    0.2104787826538086,
    0.21106620132923126,
    0.1940453052520752,
    0.20111025869846344,
    0.20983432233333588,
    0.2124449908733368,
    0.21526412665843964,
    0.2067294865846634,
    0.1970861852169037,
    0.21159863471984863,
    0.20279544591903687,
    0.18053269386291504,
    0.2027532160282135,
    0.20284238457679749,
    0.1973329782485962,
    0.20272523164749146,
    0.19855518639087677,
    0.20711128413677216,
    0.18940933048725128,
    0.20307716727256775,
    0.18448132276535034,
    0.20234325528144836,
    0.19332700967788696,
    0.1839192807674408,
    0.2023511826992035,
    0.19245682656764984,
    0.18670660257339478,
    0.19821955263614655,
    0.19612634181976318,
    0.20404678583145142,
    0.195102259516716,
    0.19535386562347412,
    0.1789003312587738,
    0.19405530393123627,
    0.19219627976417542,
    0.18889465928077698,
    0.18343305587768555,
    0.18850986659526825,
    0.1877269595861435
  ],
  "val_accuracy": [
    0.6465638279914856,
    0.6886395215988159,
    0.7096773982048035,
    0.7110799551010132,
    0.739130437374115,
    0.7531557083129883,
    0.7293127775192261,
    0.7152875065803528,
    0.7868162989616394,
    0.7138850092887878,
    0.7713884711265564,
    0.7727910280227661,
    0.7685834765434265,
    0.8064516186714172,
    0.7952314019203186,
    0.8120617270469666,
    0.7980364561080933,
    0.7882187962532043,
    0.8401122093200684,
    0.834502100944519,
    0.8120617270469666,
    0.8078541159629822,
    0.8078541159629822,
    0.8541374206542969,
    0.842917263507843,
    0.8597475290298462,
    0.851332426071167,
    0.8485273718833923,
    0.887798011302948,
    0.887798011302948,
    0.8892005681991577,
    0.8709677457809448,
    0.8611500859260559,
    0.8976157307624817,
    0.8849930167198181,
    0.8990182280540466,
    0.8976157307624817,
    0.8934081196784973,
    0.904628336429596,
    0.9116409420967102,
    0.9032257795333862,
    0.9004207849502563,
    0.9074333906173706,
    0.9018232822418213,
    0.9032257795333862,
    0.9004207849502563,
    0.9102384448051453,
    0.904628336429596,
    0.904628336429596,
    0.9116409420967102,
    0.9060308337211609,
    0.9144459962844849,
    0.9130434989929199,
    0.9088358879089355,
    0.9172510504722595,
    0.9214586019515991,
    0.9186535477638245,
    0.9172510504722595,
    0.9186535477638245,
    0.9228611588478088,
    0.9214586019515991,
    0.9200561046600342,
    0.9228611588478088,
    0.9228611588478088,
    0.9228611588478088,
    0.9256662130355835,
    0.9242636561393738,
    0.9242636561393738,
    0.9256662130355835,
    0.9270687103271484,
    0.9242636561393738,
    0.9256662130355835,
    0.9270687103271484,
    0.9270687103271484,
    0.9270687103271484,
    0.9256662130355835,
    0.9256662130355835,
    0.9284712672233582,
    0.9284712672233582,
    0.9270687103271484,
    0.9270687103271484,
    0.9270687103271484,
    0.9270687103271484,
    0.9270687103271484,
    0.9270687103271484,
    0.9270687103271484,
    0.9270687103271484,
    0.9270687103271484,
    0.9256662130355835,
    0.9256662130355835,
    0.9284712672233582
  ],